{
  "EJ200PS-1X1P-5": {
    "n_out": 1.6140690545,
    "n_out_unc": 0.0020839051,
    "n_in": 1.68467564149275,
    "n_in_unc": 0.0025620791
  },
  "EJ200PS-1X1P-8": {
    "n_out": 1.6181523501,
    "n_out_unc": 0.0020986473,
    "n_in": 1.62306281803048,
    "n_in_unc": 0.00219103
  },
  "EJ200PS-1X1P-9": {
    "n_out": 1.6099838969,
    "n_out_unc": 0.0020746247,
    "n_in": 1.62757624094591,
    "n_in_unc": 0.0021565711
  },
  "EJ200PS-T1-2": {
    "n_out": 1.6196040247,
    "n_out_unc": 0.0021032534,
    "n_in": 1.65202463365066,
    "n_in_unc": 0.0024644995
  },
  "EJ200PS-T1-3": {
    "n_out": 1.6147620589,
    "n_out_unc": 0.0020915472,
    "n_in": 1.63568587139224,
    "n_in_unc": 0.0021748988
  },
  "EJ200PS-T1-4": {
    "n_out": 1.6224390244,
    "n_out_unc": 0.0021110387,
    "n_in": 1.63157748503527,
    "n_in_unc": 0.0021630591
  },
  "EJ200PS-L7R": {
    "n_out": 1.6243918261,
    "n_out_unc": 0.0021080902,
    "n_in": 1.64779328732662,
    "n_in_unc": 0.0023854294
  },
  "EJ200PS-L8R": {
    "n_out": 1.6219630709,
    "n_out_unc": 0.0021022169,
    "n_in": 1.64066201394159,
    "n_in_unc": 0.0023748046
  },
  "EJ200PS-L9R": {
    "n_out": 1.6226109491,
    "n_out_unc": 0.002103055,
    "n_in": 1.6343009300637,
    "n_in_unc": 0.0022459645
  },
  "EJ200PS-L10R": {
    "n_out": 1.6205891874,
    "n_out_unc": 0.0020990798,
    "n_in": 1.62722443707664,
    "n_in_unc": 0.0022238599
  },
  "EJ200PS-L11R": {
    "n_out": 1.6137242268,
    "n_out_unc": 0.0020801047,
    "n_in": 1.62563279299322,
    "n_in_unc": 0.0021829875
  },
  "EJ200PS-1X1P-4": {
    "n_out": 1.6164781906,
    "n_out_unc": 0.0020897066,
    "n_in": null,
    "n_in_unc": null
  },
  "EJ200PS-1X1P-13": {
    "n_out": 1.618140736,
    "n_out_unc": 0.0020898259,
    "n_in": null,
    "n_in_unc": null
  },
  "EJ200PS-1X1P-15": {
    "n_out": 1.6088216355,
    "n_out_unc": 0.0020724625,
    "n_in": null,
    "n_in_unc": null
  },
  "EJ200PVT-1X1P-N2": {
    "n_out": 1.604867115,
    "n_out_unc": 0.0020561249,
    "n_in": 1.62967678191357,
    "n_in_unc": 0.0021454053
  },
  "EJ200PVT-1X1P-N4": {
    "n_out": 1.6039667306,
    "n_out_unc": 0.0020530015,
    "n_in": 1.62471948838754,
    "n_in_unc": 0.0021581615
  },
  "EJ200PVT-1X1P-N5": {
    "n_out": 1.5963069086,
    "n_out_unc": 0.0020334597,
    "n_in": 1.61613831528601,
    "n_in_unc": 0.002307663
  },
  "EJ200PVT-T1-2": {
    "n_out": 1.606235937,
    "n_out_unc": 0.0020658129,
    "n_in": 1.62866222095218,
    "n_in_unc": 0.0023444957
  },
  "EJ200PVT-T1-3": {
    "n_out": 1.6050096339,
    "n_out_unc": 0.0020622502,
    "n_in": 1.62831233028878,
    "n_in_unc": 0.0021499181
  },
  "EJ200PVT-AO-1-2": {
    "n_out": 1.6086677368,
    "n_out_unc": 0.0020662774,
    "n_in": 1.62561006057862,
    "n_in_unc": 0.0021410688
  },
  "EJ200PVT-AO-1-3": {
    "n_out": 1.6012779553,
    "n_out_unc": 0.0020469477,
    "n_in": 1.62228525019841,
    "n_in_unc": 0.0021292487
  },
  "EJ200PVT-L3R": {
    "n_out": 1.5981487392,
    "n_out_unc": 0.0020409995,
    "n_in": 1.6217499810806,
    "n_in_unc": 0.0021794436
  },
  "EJ200PVT-1X1P-N8": {
    "n_out": 1.6037735849,
    "n_out_unc": 0.0020520983,
    "n_in": null,
    "n_in_unc": null
  },
  "EJ200PVT-1X1P-N15": {
    "n_out": 1.6064102564,
    "n_out_unc": 0.0020600769,
    "n_in": null,
    "n_in_unc": null
  },
  "EJ200PVT-1X1P-N16": {
    "n_out": 1.60288,
    "n_out_unc": 0.0020522699,
    "n_in": null,
    "n_in_unc": null
  },
  "EJ200PVT-T1-5": {
    "n_out": 1.6059144969,
    "n_out_unc": 0.0020654003,
    "n_in": null,
    "n_in_unc": null
  },
  "EJ200PVT-T1-N1": {
    "n_out": 1.6032713278,
    "n_out_unc": 0.0020573784,
    "n_in": null,
    "n_in_unc": null
  },
  "EJ200PVT-AO-1-1": {
    "n_out": 1.6060217809,
    "n_out_unc": 0.0020582603,
    "n_in": null,
    "n_in_unc": null
  }
}
