{
  "EJ200PS-1X1P-5": {
    "FaceA": {
      "0": {
        "depth": 2.758865131578947,
        "error": 0.04893761109407046
      }
    },
    "FaceB": {
      "0": {
        "depth": 2.671717715231788,
        "error": 0.03159707676798052
      }
    },
    "FaceC": {
      "0": {
        "depth": 2.613223684210526,
        "error": 0.047253989034212934
      }
    },
    "FaceD": {
      "0": {
        "depth": 2.6592135761589404,
        "error": 0.043318557887322376
      }
    }
  },
  "EJ200PS-1X1P-9": {
    "FaceA": {
      "0": {
        "depth": 0.4174887341253584,
        "error": 0.02479172998942767
      }
    },
    "FaceB": {
      "0": {
        "depth": 0.4050184501845019,
        "error": 0.01945003764107423
      }
    },
    "FaceC": {
      "0": {
        "depth": 0.43402294141745185,
        "error": 0.0327974973646009
      }
    },
    "FaceD": {
      "0": {
        "depth": 0.42981549815498155,
        "error": 0.022880729275164463
      }
    }
  },
  "EJ200PS-L11R": {
    "FaceA": {
      "0": {
        "depth": 0.775859342488556,
        "error": 0.028950297895584457
      }
    },
    "FaceB": {
      "0": {
        "depth": 0.7998125780924614,
        "error": 0.02296204056810418
      }
    },
    "FaceC": {
      "0": {
        "depth": 0.8920307948397836,
        "error": 0.033448195594442565
      }
    },
    "FaceD": {
      "0": {
        "depth": 0.8122448979591836,
        "error": 0.052315214233321014
      }
    }
  },
  "EJ200PS-T1-2": {
    "FaceA": {
      "0": {
        "depth": 2.638047192839707,
        "error": 0.05681067041482412
      }
    },
    "FaceB": {
      "0": {
        "depth": 2.63151364764268,
        "error": 0.041582683198757
      }
    },
    "FaceC": {
      "0": {
        "depth": 2.6964849471114727,
        "error": 0.04445395398080901
      }
    },
    "FaceD": {
      "0": {
        "depth": 2.6899917287014063,
        "error": 0.038925921089453044
      }
    }
  },
  "EJ200PS-T1-3": {
    "FaceA": {
      "0": {
        "depth": 0.3294344995931652,
        "error": 0.030652734339277166
      }
    },
    "FaceB": {
      "0": {
        "depth": 0.35919108543128353,
        "error": 0.020146910114373747
      }
    },
    "FaceC": {
      "0": {
        "depth": 0.25854353132628155,
        "error": 0.021511067213378077
      }
    },
    "FaceD": {
      "0": {
        "depth": 0.37589764754436644,
        "error": 0.030772247817869355
      }
    }
  },
  "EJ200PS-T1-4": {
    "FaceA": {
      "0": {
        "depth": 0.3147239263803681,
        "error": 0.022865124994808743
      }
    },
    "FaceB": {
      "0": {
        "depth": 0.323265306122449,
        "error": 0.018445889420505828
      }
    },
    "FaceC": {
      "0": {
        "depth": 0.33570552147239263,
        "error": 0.02912783861647643
      }
    },
    "FaceD": {
      "0": {
        "depth": 0.323265306122449,
        "error": 0.01867542296217133
      }
    }
  },
  "EJ200PVT-1X1P-N2": {
    "FaceA": {
      "0": {
        "depth": 0.22593206296603147,
        "error": 0.026845765749266386
      }
    },
    "FaceB": {
      "0": {
        "depth": 0.251653411469234,
        "error": 0.021623870703963634
      }
    },
    "FaceC": {
      "0": {
        "depth": 0.35981772990886496,
        "error": 0.022404688100719293
      }
    },
    "FaceD": {
      "0": {
        "depth": 0.29778987023859355,
        "error": 0.030100457558079115
      }
    }
  },
  "EJ200PVT-1X1P-N3": {
    "FaceA": {
      "0": {
        "depth": 3.5730152200740433,
        "error": 0.042696702700149435
      }
    },
    "FaceB": {
      "0": {
        "depth": 3.4900915903413825,
        "error": 0.057965024011130524
      }
    },
    "FaceC": {
      "0": {
        "depth": 3.3486631016042776,
        "error": 0.025768426014271355
      }
    },
    "FaceD": {
      "0": {
        "depth": 3.4900915903413825,
        "error": 0.06010957817068252
      }
    }
  },
  "EJ200PVT-1X1P-N4": {
    "FaceA": {
      "0": {
        "depth": 0.5218345173422483,
        "error": 0.04667933852682179
      }
    },
    "FaceB": {
      "0": {
        "depth": 0.5363876098786102,
        "error": 0.024215843276226626
      }
    },
    "FaceC": {
      "0": {
        "depth": 0.7096949435854576,
        "error": 0.029716293358038107
      }
    },
    "FaceD": {
      "0": {
        "depth": 0.5448346588530766,
        "error": 0.03293220313219394
      }
    }
  },
  "EJ200PVT-AO-1-2": {
    "FaceA": {
      "0": {
        "depth": 0.2947611202635914,
        "error": 0.025455942172369305
      }
    },
    "FaceB": {
      "0": {
        "depth": 0.3652761747732894,
        "error": 0.02248312680311924
      }
    },
    "FaceC": {
      "0": {
        "depth": 0.41515650741350907,
        "error": 0.024806639828419016
      }
    },
    "FaceD": {
      "0": {
        "depth": 0.35282357790601815,
        "error": 0.033172152112161665
      }
    }
  },
  "EJ200PVT-AO-1-3": {
    "FaceA": {
      "0": {
        "depth": 0.32336764100452864,
        "error": 0.04418580684827043
      }
    },
    "FaceB": {
      "0": {
        "depth": 0.33236874741628775,
        "error": 0.019378406453855173
      }
    },
    "FaceC": {
      "0": {
        "depth": 0.31093042404281596,
        "error": 0.023658741251784698
      }
    },
    "FaceD": {
      "0": {
        "depth": 0.4029971062422489,
        "error": 0.05727334974908336
      }
    }
  },
  "EJ200PVT-T1-3": {
    "FaceA": {
      "0": {
        "depth": 0.3031432088633566,
        "error": 0.025351472001266452
      }
    },
    "FaceB": {
      "0": {
        "depth": 0.3112684729064039,
        "error": 0.018439757614196563
      }
    },
    "FaceC": {
      "0": {
        "depth": 0.3197537956503898,
        "error": 0.02609276138935201
      }
    },
    "FaceD": {
      "0": {
        "depth": 0.3278694581280788,
        "error": 0.019198405056975423
      }
    }
  }
}
