{
  "EJ200PS-1X1P-3": {
    "FaceA": {
      "0": {
        "depth": 3.6623622047244098,
        "error": 0.060839696793595105
      },
      "1": {
        "depth": 3.6922247191011235,
        "error": 0.0710754096225537
      }
    },
    "FaceB": {
      "0": {
        "depth": 3.901510067114094,
        "error": 0.045891827929677484
      },
      "1": {
        "depth": 3.9241275167785235,
        "error": 0.04767109942004559
      },
      "2": {
        "depth": 3.6640268456375837,
        "error": 0.04732551365318452
      },
      "3": {
        "depth": 3.6074832214765102,
        "error": 0.04758605073877756
      }
    },
    "FaceC": {
      "2": {
        "depth": 4.063783783783784,
        "error": 0.03902566488832929
      },
      "3": {
        "depth": 4.0410810810810815,
        "error": 0.04361976071262062
      }
    },
    "FaceD": {
      "0": {
        "depth": 3.815307950727883,
        "error": 0.08072245011153614
      },
      "1": {
        "depth": 3.8039865621500555,
        "error": 0.07674406361972737
      }
    }
  },
  "EJ200PS-1X1P-8": {
    "FaceA": {
      "0": {
        "depth": 0.8967567567567568,
        "error": 0.049303143278165276
      },
      "1": {
        "depth": 0.9070866141732283,
        "error": 0.05031817834597153
      }
    },
    "FaceB": {
      "0": {
        "depth": 0.8788888888888889,
        "error": 0.11456204650554949
      },
      "1": {
        "depth": 0.7902364864864865,
        "error": 0.06516544587274849
      }
    },
    "FaceC": {
      "0": {
        "depth": 0.8409470124013528,
        "error": 0.04445868432694937
      },
      "1": {
        "depth": 0.9513707865168539,
        "error": 0.05562922874068975
      },
      "2": {
        "depth": 1.064629213483146,
        "error": 0.16167823169634124
      },
      "3": {
        "depth": 0.8636753100338218,
        "error": 0.06686230669583812
      }
    },
    "FaceD": {
      "0": {
        "depth": 0.8446464646464646,
        "error": 0.05295564506706805
      },
      "1": {
        "depth": 0.8788888888888889,
        "error": 0.052525373895029
      },
      "2": {
        "depth": 0.9235089686098655,
        "error": 0.06209379465478024
      },
      "3": {
        "depth": 0.9441946308724831,
        "error": 0.055695517485090766
      },
      "4": {
        "depth": 0.9452519596864501,
        "error": 0.05276545168787226
      }
    }
  },
  "EJ200PS-L7R": {
    "FaceA": {
      "0": {
        "depth": 2.081510710259301,
        "error": 0.07456374424523211
      }
    },
    "FaceB": {
      "0": {
        "depth": 2.2047163515016686,
        "error": 0.06992047975824024
      }
    },
    "FaceC": {
      "0": {
        "depth": 2.176845637583893,
        "error": 0.06521925306410258
      },
      "1": {
        "depth": 2.176845637583893,
        "error": 0.05669205299521019
      }
    },
    "FaceD": {
      "0": {
        "depth": 1.9538218714768887,
        "error": 0.6292920871411889
      }
    }
  },
  "EJ200PS-L8R": {
    "FaceA": {
      "0": {
        "depth": 2.1981102362204727,
        "error": 0.07715181464551699
      },
      "1": {
        "depth": 2.2541844769403827,
        "error": 0.05957847109321374
      },
      "2": {
        "depth": 2.2653993250843647,
        "error": 0.09996978003941577
      }
    },
    "FaceB": {
      "0": {
        "depth": 2.327174887892377,
        "error": 0.07837401456866482
      },
      "1": {
        "depth": 2.3607399103139017,
        "error": 0.06648764183983984
      }
    },
    "FaceC": {
      "0": {
        "depth": 2.2205399325084367,
        "error": 0.07442634680612904
      },
      "1": {
        "depth": 2.2429696287964007,
        "error": 0.056312023743601336
      },
      "2": {
        "depth": 2.2766141732283467,
        "error": 0.0536554078304112
      }
    },
    "FaceD": {
      "0": {
        "depth": 2.2388169642857143,
        "error": 0.07102658859433947
      },
      "1": {
        "depth": 2.26109375,
        "error": 0.052762379533946975
      }
    }
  },
  "EJ200PS-L9R": {
    "FaceA": {
      "0": {
        "depth": 1.1932774049217003,
        "error": 0.04938731519348642
      },
      "1": {
        "depth": 1.2057782754759239,
        "error": 0.08880289781788953
      }
    },
    "FaceB": {
      "0": {
        "depth": 1.25510710259301,
        "error": 0.0514033810576401
      },
      "1": {
        "depth": 1.25510710259301,
        "error": 0.05012440236233674
      }
    },
    "FaceC": {
      "0": {
        "depth": 1.2112035995500563,
        "error": 0.053320087257629864
      },
      "1": {
        "depth": 1.2224184476940383,
        "error": 0.053964104469797144
      },
      "2": {
        "depth": 1.2237950450450452,
        "error": 0.05266422149406608
      }
    },
    "FaceD": {
      "0": {
        "depth": 1.2284126984126984,
        "error": 0.053376928516141287
      }
    }
  },
  "EJ200PS-L10R": {
    "FaceA": {
      "0": {
        "depth": 1.1640044994375702,
        "error": 0.05656022169906261
      },
      "1": {
        "depth": 1.1751968503937007,
        "error": 0.05045972991388867
      }
    },
    "FaceB": {
      "0": {
        "depth": 1.1657572383073498,
        "error": 0.0518897515979144
      },
      "1": {
        "depth": 1.1768596881959912,
        "error": 0.050085979623618125
      }
    },
    "FaceC": {
      "0": {
        "depth": 1.1930995475113122,
        "error": 0.05497859519822753
      },
      "1": {
        "depth": 1.2057191392978481,
        "error": 0.05406711354473223
      }
    },
    "FaceD": {
      "0": {
        "depth": 1.2098426966292135,
        "error": 0.053441676551294136
      }
    }
  },
  "EJ200PVT-1X1P-N5": {
    "FaceA": {
      "0": {
        "depth": 2.2258744394618835,
        "error": 0.07049910351582
      },
      "1": {
        "depth": 2.2713004484304933,
        "error": 0.05186030639492661
      }
    },
    "FaceB": {
      "0": {
        "depth": 2.117780294450736,
        "error": 0.055464684075810254
      }
    },
    "FaceC": {
      "0": {
        "depth": 2.2434802259887006,
        "error": 0.16392476130828196
      },
      "1": {
        "depth": 2.492662921348315,
        "error": 0.07396011532079103
      }
    },
    "FaceD": {
      "0": {
        "depth": 2.55125284738041,
        "error": 0.06645663669932868
      },
      "1": {
        "depth": 2.366325369738339,
        "error": 0.29706289673876923
      }
    }
  },
  "EJ200PVT-L3R": {
    "FaceA": {
      "1": {
        "depth": 0.9288989784335981,
        "error": 0.06096721395668039
      }
    },
    "FaceB": {
      "0": {
        "depth": 0.8362331838565022,
        "error": 0.065522597526113
      }
    },
    "FaceC": {
      "0": {
        "depth": 0.8354298642533937,
        "error": 0.07959972273786133
      },
      "1": {
        "depth": 0.9134237288135594,
        "error": 0.057108104881317075
      }
    },
    "FaceD": {
      "0": {
        "depth": 0.8465845464725644,
        "error": 0.0522367711002656
      }
    }
  },
  "EJ200PVT-T1-2": {
    "FaceA": {
      "0": {
        "depth": 2.132222222222222,
        "error": 0.06100908463995689
      },
      "1": {
        "depth": 2.1458286985539488,
        "error": 0.055216894119520715
      }
    },
    "FaceB": {
      "0": {
        "depth": 2.067635960044395,
        "error": 0.08042600729298215
      },
      "1": {
        "depth": 2.1943555555555556,
        "error": 0.061234306848232986
      }
    },
    "FaceC": {
      "0": {
        "depth": 2.227122381477398,
        "error": 0.09310067401884482
      },
      "1": {
        "depth": 2.1579295154185023,
        "error": 0.08887733962047983
      },
      "2": {
        "depth": 2.1444444444444444,
        "error": 0.05535652860401033
      }
    },
    "FaceD": {
      "0": {
        "depth": 2.3880396475770924,
        "error": 0.04741454696006628
      },
      "1": {
        "depth": 2.385412541254125,