{
  "EJ200PS-1X1P-3": {
    "mean": 3.85335749742201,
    "std": 0.13811553798813175,
    "weight_std": 0.016272538665263143,
    "total_unc": 0.13907083572181317
  },
  "EJ200PS-1X1P-5": {
    "mean": 2.673188330656414,
    "std": 0.05269577259235111,
    "weight_std": 0.020412707804451088,
    "total_unc": 0.05651126515142517
  },
  "EJ200PS-1X1P-8": {
    "mean": 0.8917579676006465,
    "std": 0.03563198016911523,
    "weight_std": 0.016076849654429154,
    "total_unc": 0.03909095938427887
  },
  "EJ200PS-1X1P-9": {
    "mean": 0.41832597666365207,
    "std": 0.011332182552152513,
    "weight_std": 0.011859351956119823,
    "total_unc": 0.016403127452240103
  },
  "EJ200PS-L7R": {
    "mean": 2.163975924863774,
    "std": 0.09811894408104635,
    "weight_std": 0.03273549593529398,
    "total_unc": 0.10343567992578359
  },
  "EJ200PS-L8R": {
    "mean": 2.265001086886643,
    "std": 0.04289729176915974,
    "weight_std": 0.020674796498749752,
    "total_unc": 0.04761958474612242
  },
  "EJ200PS-L9R": {
    "mean": 1.2260876251681403,
    "std": 0.02000044148739222,
    "weight_std": 0.019174342941989473,
    "total_unc": 0.027706914063959226
  },
  "EJ200PS-L10R": {
    "mean": 1.184063773959793,
    "std": 0.017489809598294822,
    "weight_std": 0.020006326377385978,
    "total_unc": 0.026573417825020092
  },
  "EJ200PS-L11R": {
    "mean": 0.8132387760789563,
    "std": 0.043601909292026855,
    "weight_std": 0.015163756230605457,
    "total_unc": 0.04616347037356879
  },
  "EJ200PS-T1-2": {
    "mean": 2.667292366134102,
    "std": 0.029409831208449203,
    "weight_std": 0.02206386885712965,
    "total_unc": 0.03676618664825179
  },
  "EJ200PS-T1-3": {
    "mean": 0.32486447859840323,
    "std": 0.04489629429194171,
    "weight_std": 0.012176018151962516,
    "total_unc": 0.04651808959088452
  },
  "EJ200PS-T1-4": {
    "mean": 0.3230770855832779,
    "std": 0.007481876370221547,
    "weight_std": 0.010601415333045218,
    "total_unc": 0.012975688077439509
  },
  "EJ200PVT-1X1P-N2": {
    "mean": 0.2864933791453984,
    "std": 0.05088347720167422,
    "weight_std": 0.012288662205073197,
    "total_unc": 0.05234634152377504
  },
  "EJ200PVT-1X1P-N3": {
    "mean": 3.4263760801503453,
    "std": 0.08065767347673493,
    "weight_std": 0.019503402984465974,
    "total_unc": 0.08298218494745764
  },
  "EJ200PVT-1X1P-N4": {
    "mean": 0.5831714298058371,
    "std": 0.07637000261685116,
    "weight_std": 0.015396059755835564,
    "total_unc": 0.07790645644427112
  },
  "EJ200PVT-1X1P-N5": {
    "mean": 2.304381784929801,
    "std": 0.12814398988776843,
    "weight_std": 0.027157623491106557,
    "total_unc": 0.13099014717924856
  },
  "EJ200PVT-T1-2": {
    "mean": 2.2383389928199313,
    "std": 0.10424250773084857,
    "weight_std": 0.019904706969997688,
    "total_unc": 0.10612585819477503
  },
  "EJ200PVT-T1-3": {
    "mean": 0.31643752222402993,
    "std": 0.00924248445269051,
    "weight_std": 0.01073419877532808,
    "total_unc": 0.014164975898549233
  },
  "EJ200PVT-A0-1-2": {
    "mean": 0.3588226903856648,
    "std": 0.042842137552433705,
    "weight_std": 0.012850880315041719,
    "total_unc": 0.04472799878077687
  },
  "EJ200PVT-A0-1-3": {
    "mean": 0.3283092482719582,
    "std": 0.03579524825933558,
    "weight_std": 0.013779593692732968,
    "total_unc": 0.038355925230455244
  },
  "EJ200PVT-L3R": {
    "mean": 0.8754453958721259,
    "std": 0.03594346901769362,
    "weight_std": 0.027390725592336063,
    "total_unc": 0.04519053898218691
  }
}
