{
  "EJ200PS-1X1P-3": {
    "mean": 3.85335749742201,
    "std": 0.13811553798813175,
    "weight_std": 0.016272538665263143,
    "total_unc": 0.13907083572181317
  },
  "EJ200PS-1X1P-8": {
    "mean": 0.8917579676006465,
    "std": 0.03563198016911523,
    "weight_std": 0.016076849654429154,
    "total_unc": 0.03909095938427887
  },
  "EJ200PS-L7R": {
    "mean": 2.163975924863774,
    "std": 0.09811894408104635,
    "weight_std": 0.03273549593529398,
    "total_unc": 0.10343567992578359
  },
  "EJ200PS-L8R": {
    "mean": 2.265001086886643,
    "std": 0.04289729176915974,
    "weight_std": 0.020674796498749752,
    "total_unc": 0.04761958474612242
  },
  "EJ200PS-L9R": {
    "mean": 1.2260876251681403,
    "std": 0.02000044148739222,
    "weight_std": 0.019174342941989473,
    "total_unc": 0.027706914063959226
  },
  "EJ200PS-L10R": {
    "mean": 1.184063773959793,
    "std": 0.017489809598294822,
    "weight_std": 0.020006326377385978,
    "total_unc": 0.026573417825020092
  },
  "EJ200PVT-1X1P-N5": {
    "mean": 2.304381784929801,
    "std": 0.12814398988776843,
    "weight_std": 0.027157623491106557,
    "total_unc": 0.13099014717924856
  },
  "EJ200PVT-L3R": {
    "mean": 0.8754453958721259,
    "std": 0.03594346901769362,
    "weight_std": 0.027390725592336063,
    "total_unc": 0.04519053898218691
  },
  "EJ200PVT-T1-2": {
    "mean": 2.2383389928199313,
    "std": 0.10424250773084857,
    "weight_std": 0.019904706969997688,
    "total_unc": 0.10612585819477503
  }
}
