{
  "EJ200PS-1X1P-5": {
    "mean": 2.673188330656414,
    "std": 0.05269577259235111,
    "weight_std": 0.020412707804451088,
    "total_unc": 0.05651126515142517
  },
  "EJ200PS-1X1P-9": {
    "mean": 0.41832597666365207,
    "std": 0.011332182552152513,
    "weight_std": 0.011859351956119823,
    "total_unc": 0.016403127452240103
  },
  "EJ200PS-L11R": {
    "mean": 0.8132387760789563,
    "std": 0.043601909292026855,
    "weight_std": 0.015163756230605457,
    "total_unc": 0.04616347037356879
  },
  "EJ200PS-T1-2": {
    "mean": 2.667292366134102,
    "std": 0.029409831208449203,
    "weight_std": 0.02206386885712965,
    "total_unc": 0.03676618664825179
  },
  "EJ200PS-T1-3": {
    "mean": 0.32486447859840323,
    "std": 0.04489629429194171,
    "weight_std": 0.012176018151962516,
    "total_unc": 0.04651808959088452
  },
  "EJ200PS-T1-4": {
    "mean": 0.3230770855832779,
    "std": 0.007481876370221547,
    "weight_std": 0.010601415333045218,
    "total_unc": 0.012975688077439509
  },
  "EJ200PVT-1X1P-N2": {
    "mean": 0.2864933791453984,
    "std": 0.05088347720167422,
    "weight_std": 0.012288662205073197,
    "total_unc": 0.05234634152377504
  },
  "EJ200PVT-1X1P-N3": {
    "mean": 3.4263760801503453,
    "std": 0.08065767347673493,
    "weight_std": 0.019503402984465974,
    "total_unc": 0.08298218494745764
  },
  "EJ200PVT-1X1P-N4": {
    "mean": 0.5831714298058371,
    "std": 0.07637000261685116,
    "weight_std": 0.015396059755835564,
    "total_unc": 0.07790645644427112
  },
  "EJ200PVT-AO-1-2": {
    "mean": 0.3588226903856648,
    "std": 0.042842137552433705,
    "weight_std": 0.012850880315041719,
    "total_unc": 0.04472799878077687
  },
  "EJ200PVT-AO-1-3": {
    "mean": 0.3283092482719582,
    "std": 0.03579524825933558,
    "weight_std": 0.013779593692732968,
    "total_unc": 0.038355925230455244
  },
  "EJ200PVT-T1-3": {
    "mean": 0.31643752222402993,
    "std": 0.00924248445269051,
    "weight_std": 0.01073419877532808,
    "total_unc": 0.014164975898549233
  }
}
